image_url,rating,title,price
media/cache/2c/da/2cdad67c44b002e7ead0cc35693c0e8b.jpg,3,A Light in the Attic,51.77
media/cache/26/0c/260c6ae16bce31c8f8c95daddd9f4a1c.jpg,1,Tipping the Velvet,53.74
media/cache/3e/ef/3eef99c9d9adef34639f510662022830.jpg,1,Soumission,50.1
media/cache/32/51/3251cf3a3412f53f339e42cac2134093.jpg,4,Sharp Objects,47.82
media/cache/be/a5/bea5697f2534a2f86a3ef27b5a8c12a6.jpg,5,Sapiens: A Brief History of Humankind,54.23
media/cache/68/33/68339b4c9bc034267e1da611ab3b34f8.jpg,1,The Requiem Red,22.65
media/cache/92/27/92274a95b7c251fea59a2b8a78275ab4.jpg,4,The Dirty Little Secrets of Getting Your Dream Job,33.34
media/cache/3d/54/3d54940e57e662c4dd1f3ff00c78cc64.jpg,3,"The Coming Woman: A Novel Based on the Life of the Infamous Feminist, Victoria Woodhull",17.93
media/cache/66/88/66883b91f6804b2323c8369331cb7dd1.jpg,4,The Boys in the Boat: Nine Americans and Their Epic Quest for Gold at the 1936 Berlin Olympics,22.6
media/cache/58/46/5846057e28022268153beff6d352b06c.jpg,1,The Black Maria,52.15
media/cache/be/f4/bef44da28c98f905a3ebec0b87be8530.jpg,2,"Starving Hearts (Triangular Trade Trilogy, #1)",13.99
media/cache/10/48/1048f63d3b5061cd2f424d20b3f9b666.jpg,4,Shakespeare's Sonnets,20.66
media/cache/5b/88/5b88c52633f53cacf162c15f4f823153.jpg,5,Set Me Free,17.46
media/cache/94/b1/94b1b8b244bce9677c2f29ccc890d4d2.jpg,5,Scott Pilgrim's Precious Little Life (Scott Pilgrim #1),52.29
media/cache/81/c4/81c4a973364e17d01f217e1188253d5e.jpg,5,Rip it Up and Start Again,35.02
media/cache/54/60/54607fe8945897cdcced0044103b10b6.jpg,3,"Our Band Could Be Your Life: Scenes from the American Indie Underground, 1981-1991",57.25
media/cache/55/33/553310a7162dfbc2c6d19a84da0df9e1.jpg,1,Olio,23.88
media/cache/09/a3/09a3aef48557576e1a85ba7efea8ecb7.jpg,1,Mesaerion: The Best Science Fiction Stories 1800-1849,37.59
media/cache/0b/bc/0bbcd0a6f4bcd81ccb1049a52736406e.jpg,2,Libertarianism for Beginners,51.33
media/cache/27/a5/27a53d0bb95bdd88288eaf66c9230d7e.jpg,2,It's Only the Himalayas,45.17
